Optimized Weights,Expected Return (%),Volatility (%),Sharpe Ratio,Value at Risk (VaR)
[1.00000000e+00 4.74742468e-11 0.00000000e+00],-39.08111627216833,3.0841068910063445,-12.671777488041654,-0.005980979941055698
